,freq,shift,time
0,10,0,1251847.8820205
1,10,0,1251850.4149808
2,11,0,1251852.9148365
3,11,0,
4,8,0.5,
5,11,0,
6,9,0,
7,9,0,
8,8,0.5,
9,11,0,
10,10,0,
11,9,0,
12,9,0,
13,11,0,
14,10,0,
15,11,0,
16,10,0,
17,8,0.5,
18,9,0,
19,10,0,
