,freq,shift,time
0,10,0,1252155.1484232
1,10,0,1252157.6980883
2,9,0,1252160.2308736
3,10,0,1252162.7675058
4,11,0,1252165.2965973
5,8,0.5,1252167.8296517
6,11,0,
7,10,0,
8,8,0.5,
9,11,0,
10,10,0,
11,11,0,
12,9,0,
13,8,0.5,
14,9,0,
15,11,0,
16,8,0.5,
17,11,0,
18,11,0,
19,9,0,
