,freq,shift,time
0,8,0.5,1251942.1662774
1,8,0.5,1251944.6994107
2,11,0.0,
3,8,0.5,
4,10,0.0,
5,10,0.0,
6,10,0.0,
7,11,0.0,
8,11,0.0,
9,9,0.0,
10,9,0.0,
11,9,0.0,
12,10,0.0,
13,11,0.0,
14,11,0.0,
15,11,0.0,
16,10,0.0,
17,9,0.0,
18,11,0.0,
19,9,0.0,
