,freq,shift,time
0,10,0,1252120.50514
1,10,0,1252123.0702512
2,11,0,1252125.6200044
3,8,0.5,
4,9,0,
5,9,0,
6,11,0,
7,8,0.5,
8,8,0.5,
9,10,0,
10,8,0.5,
11,10,0,
12,9,0,
13,9,0,
14,9,0,
15,10,0,
16,8,0.5,
17,11,0,
18,8,0.5,
19,9,0,
