,freq,shift,time
0,9,0,1252763.3834943
1,10,0,1252765.9160499
2,11,0,
3,11,0,
4,10,0,
5,9,0,
6,10,0,
7,9,0,
8,11,0,
9,10,0,
10,11,0,
11,9,0,
12,8,0.5,
13,10,0,
14,11,0,
15,11,0,
16,10,0,
17,9,0,
18,8,0.5,
19,11,0,
