,freq,shift,time
0,11,0,1251691.1424088
1,11,0,1251693.6900696
2,11,0,1251696.2230709
3,9,0,
4,10,0,
5,9,0,
6,9,0,
7,11,0,
8,9,0,
9,11,0,
10,9,0,
11,11,0,
12,11,0,
13,11,0,
14,10,0,
15,9,0,
16,10,0,
17,10,0,
18,11,0,
19,8,0.5,
