,freq,shift,time
0,8,0.5,1252002.2065659
1,11,0.0,1252004.7395628
2,11,0.0,1252007.2387793
3,11,0.0,1252009.7392267
4,9,0.0,
5,9,0.0,
6,9,0.0,
7,11,0.0,
8,10,0.0,
9,10,0.0,
10,11,0.0,
11,8,0.5,
12,8,0.5,
13,9,0.0,
14,11,0.0,
15,9,0.0,
16,11,0.0,
17,8,0.5,
18,10,0.0,
19,10,0.0,
