,freq,shift,time
0,8,0.5,1252448.9508707
1,8,0.5,1252451.5000765
2,11,0.0,1252454.0334731
3,8,0.5,
4,8,0.5,
5,8,0.5,
6,11,0.0,
7,10,0.0,
8,8,0.5,
9,9,0.0,
10,10,0.0,
11,11,0.0,
12,11,0.0,
13,10,0.0,
14,10,0.0,
15,10,0.0,
16,8,0.5,
17,11,0.0,
18,8,0.5,
19,10,0.0,
