,freq,shift,time
0,11,0,1252798.5106055
1,11,0,1252801.0273182
2,11,0,1252803.5264862
3,9,0,1252806.0258384
4,10,0,1252808.5256421
5,11,0,1252811.0243069
6,9,0,1252813.5261906
7,11,0,1252816.0249745
8,11,0,1252818.5239187
9,10,0,1252821.0241327
10,8,0.5,1252823.5235549
11,10,0,1252826.0229251
12,8,0.5,1252828.5237524
13,8,0.5,1252831.0219494
14,8,0.5,1252833.5216252
15,10,0,1252836.0218157
16,8,0.5,1252838.5215817
17,11,0,1252841.0204544
18,11,0,
19,8,0.5,
