,freq,shift,time
0,10,0,1745669.659003208
1,11,0,1745670.907476916
2,10,0,1745672.158985916
3,10,0,
4,9,0,
5,8,0.5,
6,10,0,
7,10,0,
8,10,0,
9,8,0.5,
10,8,0.5,
11,8,0.5,
12,10,0,
13,10,0,
14,11,0,
15,11,0,
16,9,0,
17,9,0,
18,9,0,
19,10,0,
